{"frames":[{"filename":"marker0025","frame":{"x":0,"y":187,"w":186,"h":186},"rotated":false,"trimmed":false,"spriteSourceSize":{"x":0,"y":0,"w":186,"h":186},"sourceSize":{"w":186,"h":186}},{"filename":"marker0026","frame":{"x":935,"y":0,"w":186,"h":186},"rotated":false,"trimmed":false,"spriteSourceSize":{"x":0,"y":0,"w":186,"h":186},"sourceSize":{"w":186,"h":186}},{"filename":"marker0027","frame":{"x":187,"y":0,"w":186,"h":186},"rotated":false,"trimmed":false,"spriteSourceSize":{"x":0,"y":0,"w":186,"h":186},"sourceSize":{"w":186,"h":186}},{"filename":"marker0028","frame":{"x":187,"y":187,"w":186,"h":186},"rotated":false,"trimmed":false,"spriteSourceSize":{"x":0,"y":0,"w":186,"h":186},"sourceSize":{"w":186,"h":186}},{"filename":"marker0029","frame":{"x":0,"y":374,"w":186,"h":186},"rotated":false,"trimmed":false,"spriteSourceSize":{"x":0,"y":0,"w":186,"h":186},"sourceSize":{"w":186,"h":186}},{"filename":"marker0030","frame":{"x":187,"y":374,"w":186,"h":186},"rotated":false,"trimmed":false,"spriteSourceSize":{"x":0,"y":0,"w":186,"h":186},"sourceSize":{"w":186,"h":186}},{"filename":"marker0031","frame":{"x":374,"y":0,"w":186,"h":186},"rotated":false,"trimmed":false,"spriteSourceSize":{"x":0,"y":0,"w":186,"h":186},"sourceSize":{"w":186,"h":186}},{"filename":"marker0032","frame":{"x":374,"y":187,"w":186,"h":186},"rotated":false,"trimmed":false,"spriteSourceSize":{"x":0,"y":0,"w":186,"h":186},"sourceSize":{"w":186,"h":186}},{"filename":"marker0033","frame":{"x":374,"y":374,"w":186,"h":186},"rotated":false,"trimmed":false,"spriteSourceSize":{"x":0,"y":0,"w":186,"h":186},"sourceSize":{"w":186,"h":186}},{"filename":"marker0034","frame":{"x":0,"y":561,"w":186,"h":186},"rotated":false,"trimmed":false,"spriteSourceSize":{"x":0,"y":0,"w":186,"h":186},"sourceSize":{"w":186,"h":186}},{"filename":"marker0035","frame":{"x":187,"y":561,"w":186,"h":186},"rotated":false,"trimmed":false,"spriteSourceSize":{"x":0,"y":0,"w":186,"h":186},"sourceSize":{"w":186,"h":186}},{"filename":"marker0036","frame":{"x":374,"y":561,"w":186,"h":186},"rotated":false,"trimmed":false,"spriteSourceSize":{"x":0,"y":0,"w":186,"h":186},"sourceSize":{"w":186,"h":186}},{"filename":"marker0037","frame":{"x":561,"y":0,"w":186,"h":186},"rotated":false,"trimmed":false,"spriteSourceSize":{"x":0,"y":0,"w":186,"h":186},"sourceSize":{"w":186,"h":186}},{"filename":"marker0038","frame":{"x":561,"y":187,"w":186,"h":186},"rotated":false,"trimmed":false,"spriteSourceSize":{"x":0,"y":0,"w":186,"h":186},"sourceSize":{"w":186,"h":186}},{"filename":"marker0039","frame":{"x":561,"y":374,"w":186,"h":186},"rotated":false,"trimmed":false,"spriteSourceSize":{"x":0,"y":0,"w":186,"h":186},"sourceSize":{"w":186,"h":186}},{"filename":"marker0040","frame":{"x":561,"y":561,"w":186,"h":186},"rotated":false,"trimmed":false,"spriteSourceSize":{"x":0,"y":0,"w":186,"h":186},"sourceSize":{"w":186,"h":186}},{"filename":"marker0041","frame":{"x":0,"y":748,"w":186,"h":186},"rotated":false,"trimmed":false,"spriteSourceSize":{"x":0,"y":0,"w":186,"h":186},"sourceSize":{"w":186,"h":186}},{"filename":"marker0042","frame":{"x":187,"y":748,"w":186,"h":186},"rotated":false,"trimmed":false,"spriteSourceSize":{"x":0,"y":0,"w":186,"h":186},"sourceSize":{"w":186,"h":186}},{"filename":"marker0043","frame":{"x":374,"y":748,"w":186,"h":186},"rotated":false,"trimmed":false,"spriteSourceSize":{"x":0,"y":0,"w":186,"h":186},"sourceSize":{"w":186,"h":186}},{"filename":"marker0044","frame":{"x":561,"y":748,"w":186,"h":186},"rotated":false,"trimmed":false,"spriteSourceSize":{"x":0,"y":0,"w":186,"h":186},"sourceSize":{"w":186,"h":186}},{"filename":"marker0045","frame":{"x":748,"y":0,"w":186,"h":186},"rotated":false,"trimmed":false,"spriteSourceSize":{"x":0,"y":0,"w":186,"h":186},"sourceSize":{"w":186,"h":186}},{"filename":"marker0046","frame":{"x":748,"y":187,"w":186,"h":186},"rotated":false,"trimmed":false,"spriteSourceSize":{"x":0,"y":0,"w":186,"h":186},"sourceSize":{"w":186,"h":186}},{"filename":"marker0047","frame":{"x":748,"y":374,"w":186,"h":186},"rotated":false,"trimmed":false,"spriteSourceSize":{"x":0,"y":0,"w":186,"h":186},"sourceSize":{"w":186,"h":186}},{"filename":"marker0048","frame":{"x":748,"y":561,"w":186,"h":186},"rotated":false,"trimmed":false,"spriteSourceSize":{"x":0,"y":0,"w":186,"h":186},"sourceSize":{"w":186,"h":186}},{"filename":"marker0049","frame":{"x":748,"y":748,"w":186,"h":186},"rotated":false,"trimmed":false,"spriteSourceSize":{"x":0,"y":0,"w":186,"h":186},"sourceSize":{"w":186,"h":186}},{"filename":"marker0050","frame":{"x":0,"y":935,"w":186,"h":186},"rotated":false,"trimmed":false,"spriteSourceSize":{"x":0,"y":0,"w":186,"h":186},"sourceSize":{"w":186,"h":186}},{"filename":"marker0051","frame":{"x":187,"y":935,"w":186,"h":186},"rotated":false,"trimmed":false,"spriteSourceSize":{"x":0,"y":0,"w":186,"h":186},"sourceSize":{"w":186,"h":186}},{"filename":"marker0052","frame":{"x":374,"y":935,"w":186,"h":186},"rotated":false,"trimmed":false,"spriteSourceSize":{"x":0,"y":0,"w":186,"h":186},"sourceSize":{"w":186,"h":186}},{"filename":"marker0053","frame":{"x":561,"y":935,"w":186,"h":186},"rotated":false,"trimmed":false,"spriteSourceSize":{"x":0,"y":0,"w":186,"h":186},"sourceSize":{"w":186,"h":186}},{"filename":"marker0054","frame":{"x":748,"y":935,"w":186,"h":186},"rotated":false,"trimmed":false,"spriteSourceSize":{"x":0,"y":0,"w":186,"h":186},"sourceSize":{"w":186,"h":186}},{"filename":"marker0055","frame":{"x":0,"y":0,"w":186,"h":186},"rotated":false,"trimmed":false,"spriteSourceSize":{"x":0,"y":0,"w":186,"h":186},"sourceSize":{"w":186,"h":186}},{"filename":"marker0056","frame":{"x":935,"y":187,"w":186,"h":186},"rotated":false,"trimmed":false,"spriteSourceSize":{"x":0,"y":0,"w":186,"h":186},"sourceSize":{"w":186,"h":186}},{"filename":"marker0057","frame":{"x":935,"y":374,"w":186,"h":186},"rotated":false,"trimmed":false,"spriteSourceSize":{"x":0,"y":0,"w":186,"h":186},"sourceSize":{"w":186,"h":186}},{"filename":"marker0058","frame":{"x":935,"y":561,"w":186,"h":186},"rotated":false,"trimmed":false,"spriteSourceSize":{"x":0,"y":0,"w":186,"h":186},"sourceSize":{"w":186,"h":186}},{"filename":"marker0059","frame":{"x":935,"y":748,"w":186,"h":186},"rotated":false,"trimmed":false,"spriteSourceSize":{"x":0,"y":0,"w":186,"h":186},"sourceSize":{"w":186,"h":186}},{"filename":"marker0060","frame":{"x":935,"y":935,"w":186,"h":186},"rotated":false,"trimmed":false,"spriteSourceSize":{"x":0,"y":0,"w":186,"h":186},"sourceSize":{"w":186,"h":186}},{"filename":"marker0001","frame":{"x":0,"y":1122,"w":186,"h":186},"rotated":false,"trimmed":false,"spriteSourceSize":{"x":0,"y":0,"w":186,"h":186},"sourceSize":{"w":186,"h":186}},{"filename":"marker0002","frame":{"x":187,"y":1122,"w":186,"h":186},"rotated":false,"trimmed":false,"spriteSourceSize":{"x":0,"y":0,"w":186,"h":186},"sourceSize":{"w":186,"h":186}},{"filename":"marker0003","frame":{"x":374,"y":1122,"w":186,"h":186},"rotated":false,"trimmed":false,"spriteSourceSize":{"x":0,"y":0,"w":186,"h":186},"sourceSize":{"w":186,"h":186}},{"filename":"marker0004","frame":{"x":561,"y":1122,"w":186,"h":186},"rotated":false,"trimmed":false,"spriteSourceSize":{"x":0,"y":0,"w":186,"h":186},"sourceSize":{"w":186,"h":186}},{"filename":"marker0005","frame":{"x":748,"y":1122,"w":186,"h":186},"rotated":false,"trimmed":false,"spriteSourceSize":{"x":0,"y":0,"w":186,"h":186},"sourceSize":{"w":186,"h":186}},{"filename":"marker0006","frame":{"x":935,"y":1122,"w":186,"h":186},"rotated":false,"trimmed":false,"spriteSourceSize":{"x":0,"y":0,"w":186,"h":186},"sourceSize":{"w":186,"h":186}},{"filename":"marker0007","frame":{"x":1122,"y":0,"w":186,"h":186},"rotated":false,"trimmed":false,"spriteSourceSize":{"x":0,"y":0,"w":186,"h":186},"sourceSize":{"w":186,"h":186}},{"filename":"marker0008","frame":{"x":1122,"y":187,"w":186,"h":186},"rotated":false,"trimmed":false,"spriteSourceSize":{"x":0,"y":0,"w":186,"h":186},"sourceSize":{"w":186,"h":186}},{"filename":"marker0009","frame":{"x":1122,"y":374,"w":186,"h":186},"rotated":false,"trimmed":false,"spriteSourceSize":{"x":0,"y":0,"w":186,"h":186},"sourceSize":{"w":186,"h":186}},{"filename":"marker0010","frame":{"x":1122,"y":561,"w":186,"h":186},"rotated":false,"trimmed":false,"spriteSourceSize":{"x":0,"y":0,"w":186,"h":186},"sourceSize":{"w":186,"h":186}},{"filename":"marker0011","frame":{"x":1122,"y":748,"w":186,"h":186},"rotated":false,"trimmed":false,"spriteSourceSize":{"x":0,"y":0,"w":186,"h":186},"sourceSize":{"w":186,"h":186}},{"filename":"marker0012","frame":{"x":1122,"y":935,"w":186,"h":186},"rotated":false,"trimmed":false,"spriteSourceSize":{"x":0,"y":0,"w":186,"h":186},"sourceSize":{"w":186,"h":186}},{"filename":"marker0013","frame":{"x":1122,"y":1122,"w":186,"h":186},"rotated":false,"trimmed":false,"spriteSourceSize":{"x":0,"y":0,"w":186,"h":186},"sourceSize":{"w":186,"h":186}},{"filename":"marker0014","frame":{"x":0,"y":1309,"w":186,"h":186},"rotated":false,"trimmed":false,"spriteSourceSize":{"x":0,"y":0,"w":186,"h":186},"sourceSize":{"w":186,"h":186}},{"filename":"marker0015","frame":{"x":187,"y":1309,"w":186,"h":186},"rotated":false,"trimmed":false,"spriteSourceSize":{"x":0,"y":0,"w":186,"h":186},"sourceSize":{"w":186,"h":186}},{"filename":"marker0016","frame":{"x":374,"y":1309,"w":186,"h":186},"rotated":false,"trimmed":false,"spriteSourceSize":{"x":0,"y":0,"w":186,"h":186},"sourceSize":{"w":186,"h":186}},{"filename":"marker0017","frame":{"x":561,"y":1309,"w":186,"h":186},"rotated":false,"trimmed":false,"spriteSourceSize":{"x":0,"y":0,"w":186,"h":186},"sourceSize":{"w":186,"h":186}},{"filename":"marker0018","frame":{"x":748,"y":1309,"w":186,"h":186},"rotated":false,"trimmed":false,"spriteSourceSize":{"x":0,"y":0,"w":186,"h":186},"sourceSize":{"w":186,"h":186}},{"filename":"marker0019","frame":{"x":935,"y":1309,"w":186,"h":186},"rotated":false,"trimmed":false,"spriteSourceSize":{"x":0,"y":0,"w":186,"h":186},"sourceSize":{"w":186,"h":186}},{"filename":"marker0020","frame":{"x":1122,"y":1309,"w":186,"h":186},"rotated":false,"trimmed":false,"spriteSourceSize":{"x":0,"y":0,"w":186,"h":186},"sourceSize":{"w":186,"h":186}},{"filename":"marker0021","frame":{"x":1309,"y":0,"w":186,"h":186},"rotated":false,"trimmed":false,"spriteSourceSize":{"x":0,"y":0,"w":186,"h":186},"sourceSize":{"w":186,"h":186}},{"filename":"marker0022","frame":{"x":1309,"y":187,"w":186,"h":186},"rotated":false,"trimmed":false,"spriteSourceSize":{"x":0,"y":0,"w":186,"h":186},"sourceSize":{"w":186,"h":186}},{"filename":"marker0023","frame":{"x":1309,"y":374,"w":186,"h":186},"rotated":false,"trimmed":false,"spriteSourceSize":{"x":0,"y":0,"w":186,"h":186},"sourceSize":{"w":186,"h":186}},{"filename":"marker0024","frame":{"x":1309,"y":561,"w":186,"h":186},"rotated":false,"trimmed":false,"spriteSourceSize":{"x":0,"y":0,"w":186,"h":186},"sourceSize":{"w":186,"h":186}}],"meta":{"app":"https://www.leshylabs.com/apps/sstool/","version":"Leshy SpriteSheet Tool v0.8.4","image":"marker.png","size":{"w":1495,"h":1495},"scale":1}}
